Name,Slug,Collection ID,Locale ID,Item ID,Archived,Draft,Created On,Updated On,Published On,Answer
Do I need to be technical to manage things after launch?,do-i-need-to-be-technical-to-manage-things-after-launch,6765aea2c796865a3e60b08b,6765aea29edd9107ae8e0af2,6765aeccb3245567dd6ead3e,false,false,Fri Dec 20 2024 17:52:12 GMT+0000 (Coordinated Universal Time),Wed Jun 11 2025 15:50:48 GMT+0000 (Coordinated Universal Time),Wed Jun 11 2025 15:50:48 GMT+0000 (Coordinated Universal Time),"<p>Not at all. While n8n is a developer-friendly tool, we build every automation with ease of use in mind. We’ll hand over a clean, documented workflow — and we include training so your team knows how to operate or tweak it without needing to code. You'll never need to touch the backend—the entire workflow can usually be managed from a mobile or laptop.</p>"
How do we get started with Granite Marketing?,how-do-we-get-started-with-granite-marketing,6765aea2c796865a3e60b08b,6765aea29edd9107ae8e0af2,67ed65c1bdb36457c91df4ea,false,false,Wed Apr 02 2025 16:28:49 GMT+0000 (Coordinated Universal Time),Wed Jun 11 2025 15:50:48 GMT+0000 (Coordinated Universal Time),Wed Jun 11 2025 15:50:48 GMT+0000 (Coordinated Universal Time),"<p>It starts with a quick discovery call. We’ll talk through your current challenges, what tools you’re using, and where automation could make the biggest impact. From there, we’ll map out a clear plan — no guesswork, no fluff.</p>"
How do you tailor each automation to fit our specific workflows?,how-do-you-tailor-each-automation-to-fit-our-specific-workflows,6765aea2c796865a3e60b08b,6765aea29edd9107ae8e0af2,67ed658dac4cd66bf51978b8,false,false,Wed Apr 02 2025 16:27:57 GMT+0000 (Coordinated Universal Time),Wed Jun 11 2025 15:50:48 GMT+0000 (Coordinated Universal Time),Wed Jun 11 2025 15:50:48 GMT+0000 (Coordinated Universal Time),"<p>We start every project by understanding your business logic, current tools, and pain points. From there, we map out a solution that works with — not against — your existing processes. Every automation is custom-built and tested with your team’s real-world scenarios.</p>"
How much does it cost to run an automation each month?,how-much-does-it-cost-to-run-an-automation-each-month,6765aea2c796865a3e60b08b,6765aea29edd9107ae8e0af2,67ed6699b4970079faeceff6,false,false,Wed Apr 02 2025 16:32:25 GMT+0000 (Coordinated Universal Time),Wed Jun 11 2025 15:50:48 GMT+0000 (Coordinated Universal Time),Wed Jun 11 2025 15:50:48 GMT+0000 (Coordinated Universal Time),"<p>This can vary, but on average most of the flows are somewhere between $50-100 depending on number of tools used. Chat with us today and we can give you an estimate based on your needs.</p>"
How secure is the data flowing through your automations?,how-secure-is-the-data-flowing-through-your-automations,6765aea2c796865a3e60b08b,6765aea29edd9107ae8e0af2,6765aeccb3245567dd6ead41,false,false,Fri Dec 20 2024 17:52:12 GMT+0000 (Coordinated Universal Time),Wed Jun 11 2025 15:50:48 GMT+0000 (Coordinated Universal Time),Wed Jun 11 2025 15:50:48 GMT+0000 (Coordinated Universal Time),"<p>We take data security seriously. All automations follow best practices around encryption, access control, and environment isolation. We also deploy solutions in secure environments — whether that’s self-hosted or cloud-based — depending on your preferences.</p>"
What happens after the automation is built? Do you offer support?,what-happens-after-the-automation-is-built-do-you-offer-support,6765aea2c796865a3e60b08b,6765aea29edd9107ae8e0af2,6765aeccb3245567dd6ead2b,false,false,Fri Dec 20 2024 17:52:12 GMT+0000 (Coordinated Universal Time),Wed Jun 11 2025 15:50:48 GMT+0000 (Coordinated Universal Time),Wed Jun 11 2025 15:50:48 GMT+0000 (Coordinated Universal Time),"<p>Yes. After launch, we offer ongoing support, maintenance, and optimisation packages. Whether you need help adjusting workflows, adding new features, or troubleshooting, we’re here to support you as your business evolves.</p>"
What kinds of businesses do you work with?,what-kinds-of-businesses-do-you-work-with,6765aea2c796865a3e60b08b,6765aea29edd9107ae8e0af2,6765aeccb3245567dd6ead47,false,false,Fri Dec 20 2024 17:52:12 GMT+0000 (Coordinated Universal Time),Wed Jun 11 2025 15:50:48 GMT+0000 (Coordinated Universal Time),Wed Jun 11 2025 15:50:48 GMT+0000 (Coordinated Universal Time),"<p>We work primarily with small to medium-sized enterprises across a range of industries — from professional services and agencies to tech and logistics. If your business has repeatable workflows, disconnected systems, or too many manual tasks, we can help.</p>"
What tools and platforms can you integrate with?,what-tools-and-platforms-can-you-integrate-with,6765aea2c796865a3e60b08b,6765aea29edd9107ae8e0af2,67ed65abcd3ba19192a72e5a,false,false,Wed Apr 02 2025 16:28:27 GMT+0000 (Coordinated Universal Time),Wed Jun 11 2025 15:50:48 GMT+0000 (Coordinated Universal Time),Wed Jun 11 2025 15:50:48 GMT+0000 (Coordinated Universal Time),"<p>n8n connects with hundreds of apps out of the box — from CRMs and spreadsheets to cloud storage, messaging tools, and APIs. We also build custom nodes and webhook solutions when needed. If your tool has an API, we can probably automate it.</p>"
What types of problems can n8n automations solve for my business?,what-types-of-problems-can-n8n-automations-solve-for-my-business,6765aea2c796865a3e60b08b,6765aea29edd9107ae8e0af2,6765aeccb3245567dd6ead44,false,false,Fri Dec 20 2024 17:52:12 GMT+0000 (Coordinated Universal Time),Wed Jun 11 2025 15:50:48 GMT+0000 (Coordinated Universal Time),Wed Jun 11 2025 15:50:48 GMT+0000 (Coordinated Universal Time),"<p>Automations built with n8n are highly flexible. We’ve helped clients streamline lead routing, sync data between CRMs like Airtable, Notion, and NocoDB, set up Slack or email alerts from form submissions, and build custom webhook workflows. If a task is repetitive, manual, or time-sensitive, there's a good chance it can be automated.</p>"
